题目,答案,类别,题目类型
二叉树的特点是每个结点至多只有两棵子树，并且树的结点包含一个数据元素及若干指向其子树的分支。,对,树和二叉树,判断题
在树和二叉树中，二叉树的特点是每个结点至多只有____棵子树，而树的结点包含一个数据元素及若干指向其子树的____。,两，分支,树和二叉树,填空题
请简要说明二叉树的结构特点，并指出与一般树结构在子树方面的区别。此外，讨论二叉树的存储方式。,二叉树的特点是每个结点至多只有两个子树，且每个子树有明确的左右之分，这与一般树结构不同，一般树的子树没有左右之分。关于存储方式，二叉树可以进行链式存储，但不局限于此，它也可以通过顺序存储方式来实现，例如使用数组。树的每个结点通常包含一个数据元素及若干指向其子树的分支。,树和二叉树,简答题
算法设计的要求包括正确性、可读性和健壮性。,对,绪论,判断题
算法设计的要求包括哪些方面？请列举三个方面。,正确性、可读性、健壮性,绪论,填空题
请简述算法设计的基本要求，并说明为何这些要求在算法设计中至关重要。,算法设计的基本要求包括正确性、可读性和健壮性。正确性指的是算法在所有合法输入下能够输出正确结果，这是算法有效性的根本保障。可读性指算法代码易于理解和维护，这有助于团队合作和后续代码管理。健壮性是指算法能够合理地处理异常或不合法输入，保证程序不会崩溃，增强其稳定性和可靠性。,绪论,简答题
算法的重要特征包括有穷性、确定性、可行性以及输入和输出。,对。,绪论,判断题
算法的重要特征包括________、________、________和________。,有穷性、确定性、可行性、输入和输出。,绪论,填空题
简述算法的重要特征，并解释每个特征的含义。,算法的重要特征包括以下几点：,绪论,简答题
图的存储结构包括邻接矩阵、邻接表、邻接多重表和十字链表四种。,对,图,判断题
图的四种存储结构是________。,邻接矩阵，邻接表，邻接多重表，十字链表。,图,填空题
请列举图的四种常用存储结构，并简要说明每种结构的特点。,图的四种常用存储结构分别是：,图,简答题
依据所有数据成员之间的逻辑关系的不同，数据结构可以分为线性结构和非线性结构。,对,绪论,判断题
依据所有数据成员之间的逻辑关系的不同，数据结构分为__________和__________。,非线性结构，线性结构,绪论,填空题
依据所有数据成员之间的逻辑关系，可以将数据结构分为哪两大类？请具体说明这两类结构的特点。,依据数据成员之间的逻辑关系，数据结构可以分为线性结构和非线性结构。线性结构是指数据元素之间存在一对一的逻辑关系，典型的例子包括数组、链表、队列和栈。非线性结构是指数据元素之间存在一对多或多对多的逻辑关系，典型的例子包括树和图。线性结构通常是顺序排列的，而非线性结构通常是层次或者网络形态的。,绪论,简答题
克鲁斯卡尔算法、迪杰斯特拉算法和拓扑排序算法都是图的应用算法。,对,图,判断题
图的应用算法有克鲁斯卡尔算法、迪杰斯特拉算法和_________。,拓扑排序算法,图,填空题
请简述至少三种应用于图的算法，并说明其主要用途。,应用于图的算法包括克鲁斯卡尔算法、迪杰斯特拉算法和拓扑排序算法。克鲁斯卡尔算法主要用于寻找连接图中所有顶点的最小生成树。迪杰斯特拉算法用于计算从单一源点到其他所有顶点的最短路径。拓扑排序算法则用于对图进行排序，以确定顶点的线性顺序，常用于解决依赖问题。,图,简答题
计算机算法必须具备可行性、确定性、输入、输出和有穷性这些特性。,对,绪论,判断题
计算机算法必须具备________、________和________等特性。,可行性、确定性、有穷性,绪论,填空题
简述计算机算法必须具备的特性，并解释每个特性是什么以及其重要性。,计算机算法必须具备以下特性：,绪论,简答题
栈和队列都是线性数据结构。,对,线性表,判断题
下列数据结构中，属于线性数据结构的是栈、队列以及____。,线性表,线性表,填空题
请列举两个属于线性数据结构的例子，并简要说明其特点。,栈和队列是属于线性数据结构的例子。栈是一种后进先出（LIFO，Last In First Out）的数据结构，元素的添加和删除仅在一端进行，即栈顶。队列是一种先进先出（FIFO，First In First Out）的数据结构，元素的添加在队尾进行，而删除在队首进行。,线性表,简答题
数据的逻辑结构是指数据元素之间的逻辑关系，与数据元素本身的内容和形式无关，这种逻辑结构可以分为线性结构和非线性结构。,对,绪论,判断题
请填空：从逻辑关系上讲，数据结构分为两大类：____结构和____结构；所谓数据的逻辑结构是指数据元素之间的____关系；数据的逻辑结构与数据元素本身的____和____无关。,线性，非线性，逻辑，内容，形式,绪论,填空题
请简要阐述数据结构的基本概念，包括数据的逻辑结构以及其分类。并说明数据元素之间如何关联，以及这些元素本身的内容和形式对逻辑结构的影响。,数据结构描述了数据及其相互关系的定义，包括存储结构和逻辑结构。数据的逻辑结构是指数据元素之间的关系，以抽象的方式对数据进行组织。逻辑结构可分为线性结构和非线性结构。线性结构是指数据排成一条线，元素之间是一对一的关系，如链表、栈、队列等。非线性结构如树结构、图结构，节点之间是一对多或多对多的关系。逻辑结构与数据元素的形式和内容无关，它主要关注元素之间的关系，而不是各个元素本身具体的数据项的个数或内容。正因如此，数据结构被定义为相互之间存在各种关系的数据元素的全体。,绪论,简答题
线性表中存在唯一的一个被称作“第一个”的数据元素，并且存在唯一的一个被称作“最后一个”的数据元素。,对,线性表,判断题
线性表的特点是存在唯一的一个被称作“________”的数据元素和存在唯一的一个被称作“________”的数据元素。,第一个，最后一个,线性表,填空题
请简述线性表的特点，并说明线性表中关于“第一个”和“最后一个”数据元素的唯一性。,线性表是一个有序的数据元素的有限序列，其特点包括存在一个唯一的“第一个”数据元素和一个唯一的“最后一个”数据元素。在线性表中，第一个元素的位置是固定的，是序列的起始点，而最后一个元素则标志着序列的终止点。这种有序性使线性表的结构清晰，并便于操作和访问。,线性表,简答题
线性表采用链式存储不必占用一片连续的存储空间，并且便于插入和删除操作的实现。,对,线性表,判断题
关于线性表的叙述，正确的有____、____和____。,线性表采用顺序存储必须占用一片连续的存储空间、线性表采用链式存储不必占用一片连续的存储空间、线性表采用链式存储便于插入和删除操作的实现。,线性表,填空题
请简要说明线性表采用顺序存储和链式存储在存储空间以及插入和删除操作的便利性方面的区别。,线性表采用顺序存储时，需要占用一片连续的存储空间，这可能会导致存储空间不足的问题，但有利于随机访问。然而，顺序存储不利于插入和删除操作，因为这些操作可能需要移动大量的元素。相比之下，线性表采用链式存储不需要占用连续的存储空间，这增加了存储的灵活性，并且插入和删除操作比较简单，因为只需改变指针的指向，无需移动其他元素。但是，链式存储不支持快速的随机访问，需要遍历链表来访问特定元素。,线性表,简答题
顺序存储结构的优点包括插入运算和删除运算都非常方便。,错,线性表,判断题
顺序存储结构的优点中不包括 ________。,删除运算方便,线性表,填空题
请简要说明顺序存储结构的一项主要缺点，并解释这种缺点对线性表操作的影响。,顺序存储结构的一项主要缺点是插入和删除操作不够方便。因为顺序存储结构中元素是连续存储的，当在表中插入或删除元素时，需要移动大量元素来保持顺序，这会导致操作时间复杂度较高（通常为O(n)），从而影响性能。,线性表,简答题
线性表的顺序存储结构中，元素存取方式可以是随机存取或顺序存取。,对,线性表,判断题
线性表的顺序存储结构是一种_________和_________的存储结构。,随机存取，顺序存取,线性表,填空题
请简述线性表的顺序存储结构，并说明它支持哪种存取方式。,线性表的顺序存储结构是指将线性表中的各个元素按其逻辑次序依次存放在一块连续的存储空间中。这种存储结构支持随机存取，因为每个元素的地址可以根据其相对位置直接计算得到。此外，线性表的顺序存储结构也支持顺序存取，因为可以按照元素的存储顺序逐一访问它们。,线性表,简答题
树的表示方法包括直观表示法、嵌套集合表示法、凹入表示法和广义表表示法。,对,树和二叉树,判断题
树的表示方法有以下几种：直观表示法、嵌套集合表示法、凹入表示法和__________。,广义表表示法,树和二叉树,填空题
请简述树的主要表示方法有哪些，并给出简单的解释。,树的主要表示方法有以下几种：,树和二叉树,简答题
串作为一种特殊的线性表，允许其数据元素是多个字符。,错,串,判断题
串是一种特殊的线性表，其特殊性体现在数据元素通常是一个________。,字符,串,填空题
串作为一种特殊的线性表结构，请简述其特殊性，并说明为什么以下选项中有些不能体现串的特殊性：A. 可以顺序存储 B. 数据元素是一个字符 C. 可以链接存储 D. 数据元素可以是多个字符。,串作为一种特殊的线性表，其主要特殊性在于其数据元素是一个字符，而不只是单个其他类型的数据。因此，选项B能体现串的特殊性。选项A和C不能体现串的特殊性，因为顺序存储和链接存储是一般线性表都可以采用的存储方式，并非串独有。选项D中“数据元素可以是多个字符”不符合串的定义，因为串的基本数据元素应为单个字符，而不是多个字符的组合。,串,简答题
双亲表示法、左子女右兄弟表示法和顺序表示法都是树的存储形式。,对,树和二叉树,判断题
将以下存储形式中，树的存储形式填写在括号中：双亲表示法、左子女右兄弟表示法、广义表表示法、顺序表示法。( )、( )、( ) 是树的存储形式。,双亲表示法、左子女右兄弟表示法、顺序表示法,树和二叉树,填空题
请简述树的不同存储形式，并说明各自的特点和优缺点。,树的存储形式主要包括双亲表示法、左子女右兄弟表示法和顺序表示法。,树和二叉树,简答题
当队列中无数据元素时，称为空队列，并且栈是一种只允许在一端进行插入和删除的线性表。,对,栈和队列,判断题
请在空格处填写适当的选项，以使得以下说法正确：当队列中无数据元素时，称为______；栈是一种只允许在一端进行插入和删除的线性表。,空队列,栈和队列,填空题
请简述队列和栈的基本概念和特性，并指出这两种数据结构的操作特点。,队列是一种线性数据结构，其特性是“先进先出”（FIFO），即第一个加入队列的元素是第一个被移除的。队列在无数据元素时称为空队列。基本操作包括在队尾插入元素（入队）和在队首移除元素（出队）。,栈和队列,简答题
单链表和双链表比顺序表更便于插入和删除操作。,对,线性表,判断题
在以下线性表中，便于插入和删除操作的是________。（静态链表、单链表、顺序表、双链表、循环链表）,静态链表、单链表、双链表、循环链表,线性表,填空题
在以下线性表中，哪些便于进行插入和删除操作？请说明原因。,单链表、双链表和循环链表便于进行插入和删除操作。,线性表,简答题
栈和队列都是线性表。,对,线性表,判断题
将以下选项中属于线性表的数据结构名称填写在空格中：________、________。,栈、队列,线性表,填空题
请列举出所有属于线性表的数据结构，并简要说明其特点。,栈和队列是线性表。栈是一种后进先出（LIFO）的数据结构，只允许在一端进行插入和删除操作。队列是一种先进先出（FIFO）的数据结构，允许在一端插入，在另一端删除。,线性表,简答题
插入和删除属于数组的主要操作。,错,数组和广义表,判断题
在数组数据结构中，插入和删除操作通常不是数组的主要操作。在下列操作中，选择不属于数组主要操作的两个分别是______和______。,插入，删除,数组和广义表,填空题
请简述数组数据结构的主要操作，并说明插入和删除操作为何不属于数组的主要操作。,数组数据结构的主要操作包括存取（访问特定索引位置的元素）、修改（更新特定位置的元素值）、和检索（查找特定元素在数组中的位置）。数组结构的设计是为了快速访问和检索元素，其内存位置是连续的，因而可以通过索引以O(1)时间复杂度直接访问。然而，插入和删除操作不属于数组的主要操作，因为这两种操作要求对数组进行元素的整体移动。插入操作需要在数组中腾出空位插入新元素，这通常需要移动插入位置后续的所有元素；同样，删除操作则需要将删除位置后续的元素依次前移。这导致插入和删除操作的时间复杂度为O(n)，不是数组设计的主要用途。,数组和广义表,简答题
操作系统中动态存储管理方法包括边界标识法和伙伴系统。,对,动态存储管理,判断题
操作系统中动态存储管理方法包括________和________。,边界标识法，伙伴系统,动态存储管理,填空题
请简述操作系统中常用的动态存储管理方法，并举例说明其中的两种方法。,操作系统中常用的动态存储管理方法包括边界标识法和伙伴系统。边界标识法通过在每块内存块的头部和尾部添加边界标识来跟踪内存分配和回收状况。伙伴系统则是将内存划分为伙伴块，以二的幂次为单位进行分配和回收，从而减少内存碎片和合并的复杂度。,动态存储管理,简答题
完全二叉树适合于顺序结构存储，并且某些结点有右子树则必有左子树。,对,树和二叉树,判断题
完全二叉树适合于________结构存储，并且如果某些结点有右子树，则必有_______。,顺序，左子树,树和二叉树,填空题
请简要说明完全二叉树在顺序结构存储中的适用性，并描述其结点的分布特点。,完全二叉树非常适合顺序结构存储，因为其结构紧凑且符合顺序存储的特点。在完全二叉树中，除了最后一层外，每一层的结点都是满的，并且结点是从左到右依次排列的。这种结构允许我们有效地利用数组来存储树结点，节点的父子关系可以通过简单的数学计算直接找到。此外，在完全二叉树中，如果某个结点有右子树，则必定有左子树，即每层从左到右簇满，没有“空隙”。,树和二叉树,简答题
在图形结构中，结点之间的关系可以是任意的，并且在树形结构中，数据元素之间没有明显的层次关系。,错,图,判断题
在图形结构中，结点之间的关系可以是______；在树形结构中，数据元素之间______明显的层次关系；在线性表中，数据元素之间仅有______关系。,任意，没有，线性,图,填空题
请解释在图形结构和树形结构中，数据元素之间的关系特点，并比较它们与在线性表中的数据元素关系的差异。,在图形结构中，结点之间的关系可以是任意的，这意味着图中任意两结点可能相连也可能不相连，关系不受任何限制。在树形结构中，数据元素之间具有层次关系，通常由根节点向下扩展，形成父子关系，这明显区别于线性关系。在线性表中，数据元素之间仅存在线性的前后顺序关系，不能随意跳跃和连接。这三种数据结构的关系特点展示了从自由关系到严格线性顺序的差异。,图,简答题
线性表在链式存储时，查找第i个元素的时间与i值有关。,对,线性表,判断题
在链式存储的线性表中，查找第i个元素的时间复杂度为________，而在顺序存储的线性表中，查找第i个元素的时间复杂度为________。,O(i)，O(1),线性表,填空题
请解释线性表在链式存储和顺序存储时查找第i个元素的时间复杂度，并指出两者各自的特点。,在线性表的链式存储中，查找第i个元素的时间复杂度为O(i)，即时间同i值成正比。这是因为需要从链表的头节点开始逐个遍历到第i个节点。而在顺序存储（即数组存储）中，查找第i个元素的时间复杂度为O(1)，即时间同i值无关，因为可以直接通过索引访问到该元素。,线性表,简答题
在栈中，top=0时为空栈，元素进栈时指针top不断地减1，并且栈不能对输入序列部分或全局起求逆作用。,错,栈和队列,判断题
填空题：利用一组地址连续的存储单元依次存放自栈底到栈顶的数据元素，这种形式的栈也称为__________。当__________时为空栈，元素进栈时指针top不断地减1。当__________时则栈满。栈不能对输入序列部分或全局起求逆作用。,"顺序栈, top=0, top等于数组的最大下标值",栈和队列,填空题
请简要说明顺序栈的基本结构和操作，并指出常见错误理解的地方。,顺序栈是利用一组地址连续的存储单元依次存放自栈底到栈顶的数据元素的一种栈的实现形式。在顺序栈中，top指针用于指示栈顶位置，当top=0时，栈为空。元素入栈时，top指针的值应不断增加而不是减少。当top等于数组的最大下标值时，栈满。因此，常见的错误理解包括认为元素入栈时top指针会减1。另一个误解是栈不能对输入序列部分或全局进行逆序操作，其实栈的特性是后进先出（LIFO），正适合实现序列的逆序处理。,栈和队列,简答题
"广义表((a),a)的表头是(a)，表尾是(a)。",错,数组和广义表,判断题
"广义表((a),a)的表头是_____，表尾是_____。",(a)，a,数组和广义表,填空题
"请描述广义表((a),a)中的表头和表尾，并说明它们分别是什么。","广义表((a),a)的表头是第一个元素(a)，因此表头是(a)；表尾是去掉表头后的部分，即(a)，因此表尾是(a)。",数组和广义表,简答题
二叉树是由根节点、左子树和右子树三个基本单元构成的。,对,树和二叉树,判断题
二叉树是由 ______、左子树和右子树基本单元构成。,根节点,树和二叉树,填空题
请简述二叉树的基本单元，并说明根节点、左子树和右子树在二叉树结构中的作用。,二叉树的基本单元包括根节点、左子树和右子树。根节点是二叉树的顶点，其没有父节点，通常用于存储或指向数据。左子树是根节点的左侧子结点构成的树结构，它可以为空或包含其他子节点。右子树是根节点的右侧子结点构成的树结构，它同样可以为空或包含其他子节点。在二叉树中，每个节点最多可以有两个子节点，即左子树和右子树，通过这样的结构可以实现高效的查找、插入和删除操作。,树和二叉树,简答题
深度优先搜索和广度优先搜索是图的遍历算法。,对,图,判断题
图的遍历方法包括________和________。,深度优先搜索，广度优先搜索,图,填空题
请简要解释图遍历的方法，并列举出常用的图遍历算法。,图遍历方法是指在图结构中访问每一个节点的一种策略。常用的图遍历算法包括深度优先搜索（DFS）和广度优先搜索（BFS）。,图,简答题
栈和队列是线性数据结构。,对,线性表,判断题
下列数据结构中，属于线性数据结构的是________、________。,栈、队列,线性表,填空题
请简述栈和队列为什么被称为线性数据结构，并与树和图进行对比说明其线性性质。,栈和队列被称为线性数据结构，因为它们在数据元素之间存在线性关系。栈是后进先出（LIFO）结构，而队列是先进先出（FIFO）结构，这两者都可以看作是一种线性排列，其中每个元素都有唯一的前驱和后继。与此不同，树是非线性数据结构，其元素呈现出层次关系，每个节点可以有多个子节点。图也是一种非线性结构，节点之间的连接关系更加复杂，可以具有任意的多对多关系。因此，栈和队列由于其简单的线性关系，被归类为线性数据结构。,线性表,简答题
对于广义表来说，广义表是一种多层次的、非线性、共享且递归的结构，并且可以表示为单链表结构。,对,数组和广义表,判断题
对于广义表来说，它是一种________，________，________，________，和________的结构。,多层次的结构，非线性结构，共享结构，递归表，单链表结构,数组和广义表,填空题
请简述广义表的特点，并解释为何广义表被认为是一种多层次结构、非线性结构、共享结构、递归表以及单链表结构。,广义表是一种数据结构，其特点包括以下几个方面：,数组和广义表,简答题
设计一个“好”的算法应考虑达到的目标包括正确性、可读性、健壮性以及效率与低存储量要求。,对,绪论,判断题
设计一个“好”的算法应考虑达到的目标包括__________。,正确性、可读性、健壮性、效率与低存储量要求。,绪论,填空题
在设计一个“好”的算法时，应该考虑哪些目标？请简要说明每个目标的重要性。,在设计一个“好”的算法时，应考虑以下目标：,绪论,简答题
有穷性、确定性、可行性、输入和输出都是算法的重要特征。,对,绪论,判断题
算法的重要特征包括________、确定性、可行性和输入与输出。,有穷性,绪论,填空题
请简要阐述算法的重要特征，并说明这些特征的意义。,算法的重要特征包括有穷性、确定性、可行性和输入输出。有穷性指算法在有限时间内会终止，不会出现无限循环；确定性意味着算法在相同条件下会产生相同的结果；可行性指算法中的每一步都可以通过基本运算在有限时间内完成；输入和输出特性强调算法需要有明确的输入和明确的输出，从而解决特定问题。每个特征都确保算法能够有效地解决问题并在实际中应用。,绪论,简答题
抽象数据类型按其值的不同特性可分为原子类型、可变聚合类型和固定聚合类型。,对,绪论,判断题
抽象数据类型按其值的不同特性可分为________、________和________。,原子类型、可变聚合类型、固定聚合类型,绪论,填空题
简要说明抽象数据类型按其值的不同特性可以分为哪几类，并解释每一类的基本特征。,抽象数据类型按其值的不同特性可以分为以下几类：,绪论,简答题
循环链表从任一结点出发都能扫描整个表。,对,线性表,判断题
从表中任一结点出发都能扫描整个线性表的表类型有：__________。,"双链表, 循环链表",线性表,填空题
请简述从表中任一结点出发能够扫描整个线性表的数据结构，并说明原因。,可以从表中任一结点出发扫描整个线性表的数据结构是双链表和循环链表。双链表因为其每个结点包含了两个指针，一个指向前驱结点，一个指向后继结点，因此可以在任意结点从两个方向遍历整个表。而循环链表由于其结点的最后一个指针指向的是链表的开始节点，从任意节点开始遍历最终都会回到起始位置，因此也可以扫描整个表。,线性表,简答题
在图形结构中，节点之间的关系可以是任意的，并且邻接表是图的一种链式存储结构。,对,图,判断题
在图形结构中，节点之间的关系可以是______，且邻接表是图的一种______存储结构。,任意的，链式,图,填空题
请简述图与线性表在数据元素关系上的区别，并解释图的存储结构中的一种常见类型。,线性表中的数据元素之间仅有线性关系，即每个元素除了第一个和最后一个元素之外，均有唯一前驱和后继。而在图结构中，节点之间的关系可以是任意的，不受限制。图的一种常见存储结构是邻接表，邻接表是一种链式存储结构，用于存储图中的节点及其相邻的节点信息。,图,简答题
双亲表示法、孩子表示法和孩子兄弟表示法都是常用的表示树的链表结构。,对,树和二叉树,判断题
常用的表示树的链表结构包括____、孩子表示法和孩子兄弟表示法。,双亲表示法,树和二叉树,填空题
请简述树的常用链表表示法，并列举具体的三种表示法。,树的常用链表表示法包括双亲表示法、孩子表示法和孩子兄弟表示法。双亲表示法通过每个节点指向其父节点，孩子表示法为每个节点存储一个孩子链表，孩子兄弟表示法则结合二叉树表示，将每个节点的第一个孩子和每个孩子的兄弟也作为节点。,树和二叉树,简答题
有向图的联通包括弱联通、强联通和多侧联通。,对,图,判断题
有向图的联通类型包括弱联通、强联通和______。,多侧联通,图,填空题
请简述有向图的不同联通类型，并给出每种类型的定义。,有向图的联通类型主要包括弱联通、强联通和多侧联通。,图,简答题
串的长度可以是零，对吗？,对,串,判断题
填空题 - 下述陈述中错误的有：串是一种特殊的线性表，串的长度必须大于零，串中元素只能是字母，空串就是空白串。（请填入错误的陈述）,串的长度必须大于零，串中元素只能是字母，空串就是空白串,串,填空题
请指出并解释以下有关“串”的概念中存在错误的选项，以及为什么这些选项是错误的。,在给定的选项中，错误的选项是B、C和D。,串,简答题
对一个算法的评价包括可读性、正确性和空间复杂度三个方面。,对,绪论,判断题
对一个算法的评价，包括如下________方面的内容。（填写三个方面）,可读性、正确性、空间复杂度,绪论,填空题
请简述在评价一个算法时需要考虑的几个主要方面，并说明每个方面的重要性。,在评价一个算法时，需要考虑以下几个主要方面：首先是可读性，这是指代码是否易于理解和维护，对开发和维护人员都至关重要。其次是正确性，这关乎算法能否准确解决设计之初期望解决的问题，是算法最基本的要求。另外，还需要考虑空间复杂度，即算法在运行时所需的存储空间，影响程序在不同环境下的适用性。,绪论,简答题
"已知一个栈的进栈序列是a1,a2,a3....an，其输出序列为1,2,3...n，若a3=1，则a1不可能是2，并且a1可能是3。",对,栈和队列,判断题
"已知一个栈的进栈序列是a1,a2,a3,...,an，其输出序列为1,2,3,...,n。若a3=1，则a1为_________。",不可能是2，可能是3,栈和队列,填空题
"已知一个栈的进栈序列为a1, a2, a3, ..., an，且其输出序列是1, 2, 3, ..., n。如果a3 = 1，请判断a1可能或者不可能的值，并简要说明理由。",a1不可能是2，因为若a3=1，1必须先于a1出栈来形成输出序列从1到n的顺序。如果a1是2，则在1出栈前，2已经入栈，导致无法满足输出序列的要求。另外，a1可能是3，因为可以在1和2都出栈后再入栈并出栈，满足顺序要求。,栈和队列,简答题
线性表采用链式存储不必占用一片连续的存储空间，并且便于插入和删除操作的实现。,对,线性表,判断题
关于线性表的叙述，下列哪些是正确的：线性表采用________存储必须占用一片连续的存储空间；线性表采用________存储不必占用一片连续的存储空间；线性表采用________存储便于插入和删除操作的实现；线性表采用________存储不便于插入和删除操作的实现。,顺序，链式，链式，顺序,线性表,填空题
请简要说明线性表在顺序存储和链式存储两种结构上的优缺点，并举例说明在哪些情况下适合使用顺序存储或链式存储。,线性表采用顺序存储的优点是元素的访问速度较快，因为可以通过索引直接定位到特定元素，适用于需要频繁随机访问的场景，但缺点是插入和删除操作较慢，因为需要移动大量元素。同时，顺序存储需要一片连续的内存空间。链式存储的优点是插入和删除较为方便，只需调整指针即可，不需要移动其他元素，也不需要连续的存储空间，适合于需要频繁插入和删除的场景，但其缺点是每个元素需要额外的指针域，占用更多内存，并且访问速度较慢，因为需要从头开始逐节点查找元素。,线性表,简答题
边界标识法、伙伴系统和存储紧缩都是动态存储管理方法。,对,动态存储管理,判断题
下列关于动态存储管理的说法中，正确的是：边界标识法、伙伴系统和________都是动态存储管理方法。,存储紧缩,动态存储管理,填空题
请简述几种常用的动态存储管理方法，并说明它们的基本原理和特点。,动态存储管理方法包括边界标识法、伙伴系统和存储紧缩等。,动态存储管理,简答题
线性结构的特点是集合中必存在唯一的一个“第一元素”和唯一的一个“最后元素”，且除最后元素外，均有唯一的后继，除第一元素之外，均有唯一的前驱。,对,线性表,判断题
线性结构的特点是：集合中必存在唯一的一个“第一元素”、集合中必存在唯一的一个“最后元素”，除最后元素在外，均有唯一的后继，以及除第一元素之外，均有唯一的______。,前驱,线性表,填空题
请简述线性结构的主要特点。,线性结构有以下主要特点：集合中必存在唯一的一个“第一元素”和“最后元素”；除最后元素外，每个元素都必须有唯一的后继；除第一元素之外，每个元素都必须有唯一的前驱。这些特性定义了线性结构中的元素排列是线性且有序的。,线性表,简答题
在链式存储结构中，结点除自身信息外还包括指针域，因此存储密度小于顺序存储结构，并且逻辑上相邻的结点物理上不必邻接，而插入、删除操作方便，不必移动结点。,对,线性表,判断题
下列关于链式存储结构，填入所有正确的描述：_________________________,"1, 2, 4",线性表,填空题
请简述链式存储结构的特点，并说明以下几个具体特征是否正确：1. 结点除自身信息外还包括指针域，因此存储密度小于顺序存储结构；2. 逻辑上相邻的结点物理上不必邻接；3. 可以通过计算直接确定第i个结点的存储地址；4. 插入、删除操作方便，不必移动结点。,链式存储结构的特点包括：,线性表,简答题
定长顺序存储表示、堆分配存储表示和串的块链存储表示都属于串的机内表示方法。,对,串,判断题
以下属于串的机内表示方法的是：_______（填入所有正确选项，以英文逗号分隔）,"定长顺序存储表示,堆分配存储表示,串的块链存储表示",串,填空题
请简要说明串的几种机内表示方法，并列举出具体的表示方式。,串的机内表示方法主要有定长顺序存储表示、堆分配存储表示和串的块链存储表示。定长顺序存储表示用于固定长度的字符串，将其存储在连续的存储空间中；堆分配存储表示是利用堆内存动态分配空间，适用于变长字符串；串的块链存储表示结合链表方式存储字符串，以块为单位动态分配存储，适合对字符串有频繁插入和删除操作的情况。,串,简答题
栈和队列是两种操作受限的线性表，其中栈限定仅在表尾进行插入或删除操作，而队列只允许在表的一端进行插入，在另一端删除。此外，双端队列允许在表的两端进行插入或删除操作。,对,栈和队列,判断题
请填空：栈和队列是两种操作受限的______。栈限定仅在______进行插入或删除操作。队列只允许在______进行插入，而在______删除。双端队列是限定在______进行插入或删除操作。,线性表，表尾，表的一端，另一端，表的两端,栈和队列,填空题
请简要说明栈和队列作为线性表的特点，并描述双端队列的操作特性。,栈和队列是两种操作受限的线性表。栈限制仅在表尾进行插入或删除操作，这种操作方式遵循“后进先出”（LIFO）的原则。队列只允许在表的一端进行插入，而在另一端进行删除，遵循“先进先出”（FIFO）的原则。双端队列是一种允许在表的两端进行插入或删除操作的数据结构，既可以在队头进行插入和删除，也可以在队尾进行插入和删除。,栈和队列,简答题
字符串可以采用顺序存储和链式存储。,对,串,判断题
关于串的叙述正确的是：串是字符的________，模式匹配是串的一种重要运算，串既可以采用顺序存储，也可以采用________存储。,有限序列，链式,串,填空题
请简述关于串的数据结构的几个正确描述。,串是字符的有限序列；模式匹配是串的一种重要运算；串既可以采用顺序存储，也可以采用链式存储。,串,简答题
树是一种非线性结构。,对,树和二叉树,判断题
在树和二叉树的研究中，树是一种_________结构。,非线性,树和二叉树,填空题
请简要说明为什么树结构被认为是非线性结构，并与其他常见数据结构进行对比分析。,树结构被认为是非线性结构，因为它的节点之间的关系不是顺序的，而是层次的。与此相比，队列和线性表是线性结构，因为它们的元素是按顺序排列的，每个元素都有一个明确的前驱和后继。而图也是非线性结构，因为节点之间的连接可以是任意的，不需要遵循任何线性顺序。因此，树和图都是典型的非线性结构。,树和二叉树,简答题
对角矩阵、上三角矩阵、下三角矩阵和对称矩阵都可以被视为特殊矩阵。,对,数组和广义表,判断题
下面属于特殊矩阵的是 __________（请输入所有正确答案的字母，用逗号分隔）。,"A,B,C,E",数组和广义表,填空题
请列举并简要描述几个特殊矩阵的类型，并说明它们的特点和性质。,特殊矩阵包括以下几种类型：,数组和广义表,简答题
栈和队列都是只允许在端点处插入和删除元素。,对,栈和队列,判断题
在栈和队列中，______ 不是它们的共同特点。,都是先进后出、都是先进先出、没有共同点,栈和队列,填空题
请简述栈和队列的共同特点，并指出它们在操作方式上的主要区别。,栈和队列的共同特点是它们都只允许在端点处插入和删除元素。栈的操作方式是先进后出（LIFO），而队列的操作方式是先进先出（FIFO）。因此，它们在数据处理的顺序上具有显著的区别。栈的插入和删除操作都在同一端进行，而队列的插入和删除操作分别在两端进行。,栈和队列,简答题
数据对象是性质相同的数据元素的集合。,对,绪论,判断题
________是性质相同的数据元素的集合。,数据对象,绪论,填空题
请解释什么是性质相同的数据元素的集合，并给出一个相关术语来描述这种集合。,性质相同的数据元素的集合称为“数据对象”。,绪论,简答题
在数组上能做的所有操作都是与取值和赋值操作相关的。,对,数组和广义表,判断题
在数组上能够直接进行的两种操作是______和______。,取值操作，赋值操作,数组和广义表,填空题
请简述在数组上可以进行的操作类型，并说明数组上不能直接进行哪些操作，并解释原因。,在数组上可以进行的操作包括取值操作和赋值操作。取值操作是指根据索引获取数组中某个位置的元素值，赋值操作是指将一个新值放入数组的某个索引位置。这两种操作的时间复杂度为O(1)，因为数组是通过索引直接访问的。然而，数组上不能直接进行插入和删除操作，因为数组的大小固定，插入和删除操作通常需要移动大量元素以保持数组的连续性，这使得这些操作的时间复杂度为O(n)。,数组和广义表,简答题
算法设计的要求包括正确性、健壮性、可读性、效率与低存储量需求。,对,绪论,判断题
算法设计的要求包括__________、__________、__________和__________。,正确性、健壮性、可读性、效率与低存储量需求,绪论,填空题
请简要说明算法设计的基本要求，并对每个要求进行解释说明。,算法设计的基本要求包括正确性、健壮性、可读性和效率与低存储量需求。正确性是指算法能够正确解决问题并满足所有输入条件的要求。健壮性是指算法能够处理意外或异常情况而不发生错误。可读性是指算法容易理解和维护，便于程序员进行修改和扩展。效率与低存储量需求涉及算法在执行过程中需要的时间和空间资源，要求在解决问题的同时消耗尽可能少的计算资源。,绪论,简答题
两个串相等必须满足串长度相等且串中各位置字符均对应相等。,对,串,判断题
两个串相等必须有________和________。,串长度相等，串中各位置字符均对应相等。,串,填空题
两个字符串要判断为相等，需要满足哪些条件？,两个字符串相等需要满足以下两个条件：首先，它们的长度必须相等；其次，它们在每个位置上的字符都必须对应相等。,串,简答题
中序遍历二叉排序树可以得到一个从小到大的有序序列。,对,树和二叉树,判断题
通过_________遍历二叉排序树，不可以得到一个从小到大的有序序列。,先序遍历、后序遍历、层次遍历,树和二叉树,填空题
请简要说明哪几种遍历二叉排序树的方式不能直接得到一个从小到大的有序序列，并解释原因。,先序遍历、后序遍历和层次遍历都不能直接得到一个从小到大的有序序列。在先序遍历中，根节点先被访问，接着访问左子树和右子树，无法保证节点按递增顺序排列。在后序遍历中，左右子树先被访问，最后是根节点，这同样不按递增顺序排列。层次遍历按照树的每一层从上到下、从左到右的顺序进行访问，也无法保证节点按大小顺序排列。只有中序遍历能确保二叉排序树按从小到大的顺序排列节点。,树和二叉树,简答题
在图形结构中，节点之间的关系可以是任意的，并且邻接表是图的一种链式存储结构。,对,图,判断题
请填空：在线性表中数据元素之间仅有________关系；在图形结构中节点之间的关系可以是________的；邻接表是图的________存储结构。,线性，任意，链式,图,填空题
转换失败,转换失败,图,简答题
数据元素之间的关系通常可以分为集合、线性结构、树形结构和图状结构四种基本结构。,对,绪论,判断题
根据数据元素之间的关系的不同特性，通常分为________、________、________和________基本结构。,集合、线性结构、树形结构、图状结构,绪论,填空题
请简述根据数据元素之间关系的不同特性，可以将数据结构分为哪几类基本结构？,根据数据元素之间的关系不同，数据结构通常可以分为集合、线性结构、树形结构和图状结构四类基本结构。,绪论,简答题
线性表顺序存储结构支持随机存取，但在插入或删除元素时需要移动大量元素，而线性表链式存储结构只能顺序存取，在插入或删除元素时不需移动大量元素。,对,线性表,判断题
线性表的两种存储结构中，线性表顺序存储结构可以______表中任一元素，而在线性表链式存储结构进行插入或删除操作时，______需要移动大量元素。,随机存取，不,线性表,填空题
请简述线性表的两种存储结构，并说明它们在随机存取、插入和删除操作中的特点和区别。,线性表有两种存储结构：顺序存储结构和链式存储结构。顺序存储结构可以随机存取表中任一元素，因为它是通过数组实现的，可以通过下标直接访问元素。然而，在顺序存储结构中插入或删除某一元素时，可能需要移动大量元素以保持线性表的连续性。链式存储结构只能顺序访问元素，因为它是通过节点指针连接实现的，没有下标来直接访问任意位置的元素。相对而言，链式存储结构在插入或删除元素时，不需要移动其他元素，只需调整指针即可，这使得它在某些场合下更加高效。,线性表,简答题
下列说法正确的是：线性结构只能用顺序结构来存放，非线性结构只能用非顺序结构来存放 算法就是程序 数据结构是数据对象与对象数据元素之间关系的集合 数据的逻辑结构是指各数据元素之间的逻辑关系，是用户按使用需要建立的,错,绪论,判断题
在数据结构的绪论中，以下说法正确的是：线性结构_____，非线性结构_____；算法_____；数据结构是_____；数据的逻辑结构是_____。,不能只能用顺序结构来存放，可以用顺序或者链式结构来存储，非线性结构也可以用顺序结构或链式结构来存储；不是程序；数据对象与对象数据元素之间关系的集合；指各数据元素之间的逻辑关系，是用户按使用需要建立的。,绪论,填空题
在计算机科学中，数据结构与算法是非常基础且重要的知识。请简述线性结构与非线性结构的存储方式，以及算法与程序的区别。此外，请描述数据元素、数据结构和数据逻辑结构的定义和关系。,线性结构可以使用顺序结构或链式结构来存放，而非线性结构也可以使用不同的存储方式，如顺序或链式结构，以符合特定需求。算法是解决问题的一系列步骤或规则，与程序不同，程序是算法的具体实现和代码表达。数据元素是数据的基本单位，数据结构是具有特定组织形式的数据对象，是数据元素之间存在关系的集合。数据的逻辑结构是指数据元素之间的逻辑关系，通常是根据用户的使用需求而建立的。,绪论,简答题
以下说法中，无向图中的极大连通子图称为连通分量，并且连通图的广度优先搜索中一般要采用队列来暂存刚访问过的顶点，同时图的深度优先搜索中一般要采用栈来暂存刚访问过的顶点。,对,图,判断题
以下关于图的说法中，正确的有___、___、___。,无向图中的极大连通子图称为连通分量、连通图的广度优先搜索中一般要采用队列来暂存刚访问过的顶点、图的深度优先搜索中一般要采用栈来暂存刚访问过的顶点,图,填空题
请简述无向图和有向图在遍历时如何处理连通性，广度优先搜索和深度优先搜索的实现机制，并说明哪些数据结构在这些算法中被用于暂存节点。,无向图中的连通分量是指极大连通子图，即在该子图中任意两个节点都有路径相连。对于广度优先搜索（BFS），通常使用队列来暂存刚访问过的节点，以实现层次遍历。深度优先搜索（DFS）则通常使用栈来暂存刚访问过的节点，实现深度遍历。有向图可以采用广度优先搜索，广度优先搜索并不局限于无向图。这些机制有助于有效遍历和分析图的连通性和结构。,图,简答题
构造线性表、销毁线性表、将元素插入线性表和初始化线性表都是线性表的基本操作。,对,线性表,判断题
填空题：线性表的基本操作包括：________、________、________ 和 ________。,构造线性表、销毁线性表、将元素插入线性表、初始化线性表。,线性表,填空题
请简述线性表的基本操作并举例说明它们的应用场景。,线性表的基本操作包括以下几个方面：构造线性表、销毁线性表、将元素插入线性表以及初始化线性表。,线性表,简答题
设一条单链表的头指针变量为head且该链表没有头结点，则其判空条件是head==0。,对,线性表,判断题
设一条单链表的头指针变量为head且该链表没有头结点，则判空条件不能是__________。,"head->next==0, head->next==head, head!=0",线性表,填空题
设一条单链表没有头结点，头指针变量为head。请解释该链表判空应如何实现，并说明为什么选择这种判空条件。,判空条件是head == 0。因为单链表没有头结点时，head指针直接指向第一元素节点。当链表为空时，没有元素节点存在，head指针应该指向NULL或者0。因此，通过检查head是否为0可以判断链表是否为空。,线性表,简答题
在任何问题中，数据元素都不是孤立存在的，而是在它们之间存在着某种关系，这种数据元素相互之间的关系称为结构，而集合、线性结构、树形结构和图状结构属于其基本结构。,对,绪论,判断题
在任何问题中，数据元素都不是孤立存在的，而是在它们之间存在着某种关系，这种数据元素相互之间的关系称为结构。根据数据元素之间关系的不同特性，集合、线性结构、树形结构和图状结构属于其基本结构。请将基本结构填写在空格中：__________。,集合、线性结构、树形结构、图状结构。,绪论,填空题
在数据结构的概念中，数据元素之间并不是独立存在的，而是以某种关系相互关联。请简要描述并列举数据元素之间关系的基本结构类型。,在数据结构中，数据元素之间的关系可以形成不同的基本结构类型。这些基本结构包括集合、线性结构、树形结构和图状结构。其中，集合强调数据元素之间的无序关系；线性结构表示数据元素之间的一对一顺序关系；树形结构用于表示数据元素之间的层次关系；图状结构则用于表示数据元素之间的网状关系。,绪论,简答题
数据结构中，数据结构是相互之间存在一种或多种特定关系的数据元素的组合，并且数据结构可以表示为一个二元组，同时有四类基本结构。,对,绪论,判断题
数据结构是相互之间存在一种或多种特定关系的数据元素的组合，数据结构是一个二元组，并且有四类基本结构。这段话中，描述数据结构的要点有三个，它们分别是________、________和________。,相互之间存在一种或多种特定关系的数据元素的组合、一个二元组、有四类基本结构,绪论,填空题
请简要说明数据结构中的基本概念，并列举其主要特征。,数据结构是相互之间存在一种或多种特定关系的数据元素的组合。其基本特征包括以下几方面：1) 数据结构通常是一个二元组，由数据元素和它们之间的关系构成；2) 数据元素并不是孤立存在的，它们通过特定的关系连接在一起；3) 数据结构有四类基本结构，分别是集合、线性结构、树形结构和图形结构。这些特征为数据结构提供了组织和操作数据的基本框架。,绪论,简答题
对角矩阵属于特殊矩阵。,对,数组和广义表,判断题
以下哪些特殊矩阵的集合属于数组和广义表的研究范畴：______、______、______ 和 ______。,对角矩阵、上三角矩阵、下三角矩阵、对称矩阵,数组和广义表,填空题
请简述特殊矩阵的定义，并举出四种特殊矩阵的类型。,特殊矩阵是指具有特定结构或性质的矩阵。以下是四种类型的特殊矩阵：1. 对角矩阵：主对角线以外的元素都为零的矩阵。2. 上三角矩阵：位于主对角线以下的元素都为零的矩阵。3. 下三角矩阵：位于主对角线以上的元素都为零的矩阵。4. 对称矩阵：矩阵关于主对角线对称，即矩阵的元素满足a[i][j] = a[j][i]。,数组和广义表,简答题
线性结构中，存在唯一的一个被称作“第一个”的数据元素，并且除第一个之外，集合中的每个数据元素均只有一个前驱。,对,线性表,判断题
在线性结构中，存在唯一的一个被称作“第一个”的数据元素，并且除第一个之外，集合中的每个数据元素均只有一个_____。,前驱,线性表,填空题
请简述线性表的基本特点和结构特征，并说明为什么这些特征使线性表成为常用的数据结构之一。,线性表是一种线性结构，其基本特点包括：1) 线性表中存在唯一的一个被称作“第一个”的数据元素，它没有前驱；2) 除第一个数据元素外，线性表中的每个数据元素都有且只有一个直接前驱和一个直接后继；3) 最后一个数据元素没有后继。由于这些特征，线性表具有结构简单、存取容易的优点，适合用于存储和管理有序数据，是计算机科学中最基础和最常用的数据结构之一。,线性表,简答题
队列、线性表和栈都属于线性数据结构。,对,线性表,判断题
在以下数据结构中，属于线性数据结构的有三个，它们是：__________、__________ 和 __________。,队列、线性表、栈,线性表,填空题
请列举出属于线性数据结构的几种数据结构，并简要说明它们各自的特点。,属于线性数据结构的有队列、线性表和栈。,线性表,简答题
单链表、双链表和循环链表都便于插入和删除操作。,对,线性表,判断题
便于插入和删除操作的数据结构是 __________ 。,"单链表、双链表、循环链表（B, C, D）",线性表,填空题
请简述静态链表、单链表、双链表和循环链表这几种线性表的插入和删除操作的特点，并说明哪种结构最便于进行插入和删除操作。,静态链表使用数组实现，插入和删除操作相对不便，因为需要移动元素。单链表在插入和删除操作方面较为灵活，因为使用指针方便地进行节点操作，而无需移动其他节点。双链表比单链表更灵活，因为双向指针允许更有效地在两个方向上插入和删除。循环链表比双链表增加了一个循环连接，可以在某些情况下简化操作逻辑。总体来说，单链表、双链表和循环链表在插入和删除操作方面都较为便捷。,线性表,简答题
